STRUCTURE;STRUCTURE_ID;STRUCTURE_NAME;freq;Time frequency;unit;Unit of measure;s_adj;Seasonal adjustment;na_item;National accounts indicator (ESA 2010);geo;Geopolitical entity (reporting);TIME_PERIOD;GDP;C;I
dataflow;ESTAT:NAMQ_10_GDP(1.0);Gross domestic product (GDP) and main components (output, expenditure and income) - quarterly data;Q;Quarterly;CP_MEUR;Current prices, million euro;SCA;Seasonally and calendar adjusted data;B1GQ;Gross domestic product at market prices;ES;Spain;1995-Q1;112794.6;88813.1;24615.5
dataflow;ESTAT:NAMQ_10_GDP(1.0);Gross domestic product (GDP) and main components (output, expenditure and income) - quarterly data;Q;Quarterly;CP_MEUR;Current prices, million euro;SCA;Seasonally and calendar adjusted data;B1GQ;Gross domestic product at market prices;ES;Spain;1995-Q2;116212.4;91339.4;25650.8
dataflow;ESTAT:NAMQ_10_GDP(1.0);Gross domestic product (GDP) and main components (output, expenditure and income) - quarterly data;Q;Quarterly;CP_MEUR;Current prices, million euro;SCA;Seasonally and calendar adjusted data;B1GQ;Gross domestic product at market prices;ES;Spain;1995-Q3;119324.9;93829.7;26148.8
dataflow;ESTAT:NAMQ_10_GDP(1.0);Gross domestic product (GDP) and main components (output, expenditure and income) - quarterly data;Q;Quarterly;CP_MEUR;Current prices, million euro;SCA;Seasonally and calendar adjusted data;B1GQ;Gross domestic product at market prices;ES;Spain;1995-Q4;121659.6;95326.4;26497.4
dataflow;ESTAT:NAMQ_10_GDP(1.0);Gross domestic product (GDP) and main components (output, expenditure and income) - quarterly data;Q;Quarterly;CP_MEUR;Current prices, million euro;SCA;Seasonally and calendar adjusted data;B1GQ;Gross domestic product at market prices;ES;Spain;1996-Q1;124809.3;97267.4;27396.6
dataflow;ESTAT:NAMQ_10_GDP(1.0);Gross domestic product (GDP) and main components (output, expenditure and income) - quarterly data;Q;Quarterly;CP_MEUR;Current prices, million euro;SCA;Seasonally and calendar adjusted data;B1GQ;Gross domestic product at market prices;ES;Spain;1996-Q2;126056.0;98720.6;27063.8
dataflow;ESTAT:NAMQ_10_GDP(1.0);Gross domestic product (GDP) and main components (output, expenditure and income) - quarterly data;Q;Quarterly;CP_MEUR;Current prices, million euro;SCA;Seasonally and calendar adjusted data;B1GQ;Gross domestic product at market prices;ES;Spain;1996-Q3;127418.0;99190.4;27616.8
dataflow;ESTAT:NAMQ_10_GDP(1.0);Gross domestic product (GDP) and main components (output, expenditure and income) - quarterly data;Q;Quarterly;CP_MEUR;Current prices, million euro;SCA;Seasonally and calendar adjusted data;B1GQ;Gross domestic product at market prices;ES;Spain;1996-Q4;127825.2;99166.7;27730.1
dataflow;ESTAT:NAMQ_10_GDP(1.0);Gross domestic product (GDP) and main components (output, expenditure and income) - quarterly data;Q;Quarterly;CP_MEUR;Current prices, million euro;SCA;Seasonally and calendar adjusted data;B1GQ;Gross domestic product at market prices;ES;Spain;1997-Q1;127308.5;99140.1;27729.2
dataflow;ESTAT:NAMQ_10_GDP(1.0);Gross domestic product (GDP) and main components (output, expenditure and income) - quarterly data;Q;Quarterly;CP_MEUR;Current prices, million euro;SCA;Seasonally and calendar adjusted data;B1GQ;Gross domestic product at market prices;ES;Spain;1997-Q2;128355.5;98870.2;28683.0
dataflow;ESTAT:NAMQ_10_GDP(1.0);Gross domestic product (GDP) and main components (output, expenditure and income) - quarterly data;Q;Quarterly;CP_MEUR;Current prices, million euro;SCA;Seasonally and calendar adjusted data;B1GQ;Gross domestic product at market prices;ES;Spain;1997-Q3;130282.6;99743.8;28923.7
dataflow;ESTAT:NAMQ_10_GDP(1.0);Gross domestic product (GDP) and main components (output, expenditure and income) - quarterly data;Q;Quarterly;CP_MEUR;Current prices, million euro;SCA;Seasonally and calendar adjusted data;B1GQ;Gross domestic product at market prices;ES;Spain;1997-Q4;134602.1;103995.8;29903.3
dataflow;ESTAT:NAMQ_10_GDP(1.0);Gross domestic product (GDP) and main components (output, expenditure and income) - quarterly data;Q;Quarterly;CP_MEUR;Current prices, million euro;SCA;Seasonally and calendar adjusted data;B1GQ;Gross domestic product at market prices;ES;Spain;1998-Q1;133385.2;102177.2;30656.9
dataflow;ESTAT:NAMQ_10_GDP(1.0);Gross domestic product (GDP) and main components (output, expenditure and income) - quarterly data;Q;Quarterly;CP_MEUR;Current prices, million euro;SCA;Seasonally and calendar adjusted data;B1GQ;Gross domestic product at market prices;ES;Spain;1998-Q2;136522.8;104192.2;31266.4
dataflow;ESTAT:NAMQ_10_GDP(1.0);Gross domestic product (GDP) and main components (output, expenditure and income) - quarterly data;Q;Quarterly;CP_MEUR;Current prices, million euro;SCA;Seasonally and calendar adjusted data;B1GQ;Gross domestic product at market prices;ES;Spain;1998-Q3;139160.4;105950.5;32840.5
dataflow;ESTAT:NAMQ_10_GDP(1.0);Gross domestic product (GDP) and main components (output, expenditure and income) - quarterly data;Q;Quarterly;CP_MEUR;Current prices, million euro;SCA;Seasonally and calendar adjusted data;B1GQ;Gross domestic product at market prices;ES;Spain;1998-Q4;143842.4;110639.1;33977.1
dataflow;ESTAT:NAMQ_10_GDP(1.0);Gross domestic product (GDP) and main components (output, expenditure and income) - quarterly data;Q;Quarterly;CP_MEUR;Current prices, million euro;SCA;Seasonally and calendar adjusted data;B1GQ;Gross domestic product at market prices;ES;Spain;1999-Q1;144820.0;109914.0;35061.0
dataflow;ESTAT:NAMQ_10_GDP(1.0);Gross domestic product (GDP) and main components (output, expenditure and income) - quarterly data;Q;Quarterly;CP_MEUR;Current prices, million euro;SCA;Seasonally and calendar adjusted data;B1GQ;Gross domestic product at market prices;ES;Spain;1999-Q2;146934.0;112289.0;36396.0
dataflow;ESTAT:NAMQ_10_GDP(1.0);Gross domestic product (GDP) and main components (output, expenditure and income) - quarterly data;Q;Quarterly;CP_MEUR;Current prices, million euro;SCA;Seasonally and calendar adjusted data;B1GQ;Gross domestic product at market prices;ES;Spain;1999-Q3;149761.0;114663.0;37356.0
dataflow;ESTAT:NAMQ_10_GDP(1.0);Gross domestic product (GDP) and main components (output, expenditure and income) - quarterly data;Q;Quarterly;CP_MEUR;Current prices, million euro;SCA;Seasonally and calendar adjusted data;B1GQ;Gross domestic product at market prices;ES;Spain;1999-Q4;153727.0;117720.0;38454.0
dataflow;ESTAT:NAMQ_10_GDP(1.0);Gross domestic product (GDP) and main components (output, expenditure and income) - quarterly data;Q;Quarterly;CP_MEUR;Current prices, million euro;SCA;Seasonally and calendar adjusted data;B1GQ;Gross domestic product at market prices;ES;Spain;2000-Q1;157310.0;120423.0;40497.0
dataflow;ESTAT:NAMQ_10_GDP(1.0);Gross domestic product (GDP) and main components (output, expenditure and income) - quarterly data;Q;Quarterly;CP_MEUR;Current prices, million euro;SCA;Seasonally and calendar adjusted data;B1GQ;Gross domestic product at market prices;ES;Spain;2000-Q2;160177.0;122029.0;41584.0
dataflow;ESTAT:NAMQ_10_GDP(1.0);Gross domestic product (GDP) and main components (output, expenditure and income) - quarterly data;Q;Quarterly;CP_MEUR;Current prices, million euro;SCA;Seasonally and calendar adjusted data;B1GQ;Gross domestic product at market prices;ES;Spain;2000-Q3;163101.0;124558.0;42561.0
dataflow;ESTAT:NAMQ_10_GDP(1.0);Gross domestic product (GDP) and main components (output, expenditure and income) - quarterly data;Q;Quarterly;CP_MEUR;Current prices, million euro;SCA;Seasonally and calendar adjusted data;B1GQ;Gross domestic product at market prices;ES;Spain;2000-Q4;166981.0;126900.0;43549.0
dataflow;ESTAT:NAMQ_10_GDP(1.0);Gross domestic product (GDP) and main components (output, expenditure and income) - quarterly data;Q;Quarterly;CP_MEUR;Current prices, million euro;SCA;Seasonally and calendar adjusted data;B1GQ;Gross domestic product at market prices;ES;Spain;2001-Q1;170666.0;129321.0;44307.0
dataflow;ESTAT:NAMQ_10_GDP(1.0);Gross domestic product (GDP) and main components (output, expenditure and income) - quarterly data;Q;Quarterly;CP_MEUR;Current prices, million euro;SCA;Seasonally and calendar adjusted data;B1GQ;Gross domestic product at market prices;ES;Spain;2001-Q2;173289.0;131840.0;44999.0
dataflow;ESTAT:NAMQ_10_GDP(1.0);Gross domestic product (GDP) and main components (output, expenditure and income) - quarterly data;Q;Quarterly;CP_MEUR;Current prices, million euro;SCA;Seasonally and calendar adjusted data;B1GQ;Gross domestic product at market prices;ES;Spain;2001-Q3;176986.0;134287.0;45827.0
dataflow;ESTAT:NAMQ_10_GDP(1.0);Gross domestic product (GDP) and main components (output, expenditure and income) - quarterly data;Q;Quarterly;CP_MEUR;Current prices, million euro;SCA;Seasonally and calendar adjusted data;B1GQ;Gross domestic product at market prices;ES;Spain;2001-Q4;180017.0;135722.0;46420.0
dataflow;ESTAT:NAMQ_10_GDP(1.0);Gross domestic product (GDP) and main components (output, expenditure and income) - quarterly data;Q;Quarterly;CP_MEUR;Current prices, million euro;SCA;Seasonally and calendar adjusted data;B1GQ;Gross domestic product at market prices;ES;Spain;2002-Q1;182792.0;137964.0;47253.0
dataflow;ESTAT:NAMQ_10_GDP(1.0);Gross domestic product (GDP) and main components (output, expenditure and income) - quarterly data;Q;Quarterly;CP_MEUR;Current prices, million euro;SCA;Seasonally and calendar adjusted data;B1GQ;Gross domestic product at market prices;ES;Spain;2002-Q2;186247.0;139788.0;48746.0
dataflow;ESTAT:NAMQ_10_GDP(1.0);Gross domestic product (GDP) and main components (output, expenditure and income) - quarterly data;Q;Quarterly;CP_MEUR;Current prices, million euro;SCA;Seasonally and calendar adjusted data;B1GQ;Gross domestic product at market prices;ES;Spain;2002-Q3;188921.0;141871.0;49332.0
dataflow;ESTAT:NAMQ_10_GDP(1.0);Gross domestic product (GDP) and main components (output, expenditure and income) - quarterly data;Q;Quarterly;CP_MEUR;Current prices, million euro;SCA;Seasonally and calendar adjusted data;B1GQ;Gross domestic product at market prices;ES;Spain;2002-Q4;191784.0;144694.0;50932.0
dataflow;ESTAT:NAMQ_10_GDP(1.0);Gross domestic product (GDP) and main components (output, expenditure and income) - quarterly data;Q;Quarterly;CP_MEUR;Current prices, million euro;SCA;Seasonally and calendar adjusted data;B1GQ;Gross domestic product at market prices;ES;Spain;2003-Q1;195576.0;145783.0;52616.0
dataflow;ESTAT:NAMQ_10_GDP(1.0);Gross domestic product (GDP) and main components (output, expenditure and income) - quarterly data;Q;Quarterly;CP_MEUR;Current prices, million euro;SCA;Seasonally and calendar adjusted data;B1GQ;Gross domestic product at market prices;ES;Spain;2003-Q2;199242.0;148703.0;53504.0
dataflow;ESTAT:NAMQ_10_GDP(1.0);Gross domestic product (GDP) and main components (output, expenditure and income) - quarterly data;Q;Quarterly;CP_MEUR;Current prices, million euro;SCA;Seasonally and calendar adjusted data;B1GQ;Gross domestic product at market prices;ES;Spain;2003-Q3;202157.0;151001.0;55042.0
dataflow;ESTAT:NAMQ_10_GDP(1.0);Gross domestic product (GDP) and main components (output, expenditure and income) - quarterly data;Q;Quarterly;CP_MEUR;Current prices, million euro;SCA;Seasonally and calendar adjusted data;B1GQ;Gross domestic product at market prices;ES;Spain;2003-Q4;205708.0;153925.0;56557.0
dataflow;ESTAT:NAMQ_10_GDP(1.0);Gross domestic product (GDP) and main components (output, expenditure and income) - quarterly data;Q;Quarterly;CP_MEUR;Current prices, million euro;SCA;Seasonally and calendar adjusted data;B1GQ;Gross domestic product at market prices;ES;Spain;2004-Q1;209258.0;157515.0;57129.0
dataflow;ESTAT:NAMQ_10_GDP(1.0);Gross domestic product (GDP) and main components (output, expenditure and income) - quarterly data;Q;Quarterly;CP_MEUR;Current prices, million euro;SCA;Seasonally and calendar adjusted data;B1GQ;Gross domestic product at market prices;ES;Spain;2004-Q2;212615.0;160474.0;58819.0
dataflow;ESTAT:NAMQ_10_GDP(1.0);Gross domestic product (GDP) and main components (output, expenditure and income) - quarterly data;Q;Quarterly;CP_MEUR;Current prices, million euro;SCA;Seasonally and calendar adjusted data;B1GQ;Gross domestic product at market prices;ES;Spain;2004-Q3;216604.0;163710.0;60611.0
dataflow;ESTAT:NAMQ_10_GDP(1.0);Gross domestic product (GDP) and main components (output, expenditure and income) - quarterly data;Q;Quarterly;CP_MEUR;Current prices, million euro;SCA;Seasonally and calendar adjusted data;B1GQ;Gross domestic product at market prices;ES;Spain;2004-Q4;221582.0;166787.0;62755.0
dataflow;ESTAT:NAMQ_10_GDP(1.0);Gross domestic product (GDP) and main components (output, expenditure and income) - quarterly data;Q;Quarterly;CP_MEUR;Current prices, million euro;SCA;Seasonally and calendar adjusted data;B1GQ;Gross domestic product at market prices;ES;Spain;2005-Q1;224925.0;169707.0;64559.0
dataflow;ESTAT:NAMQ_10_GDP(1.0);Gross domestic product (GDP) and main components (output, expenditure and income) - quarterly data;Q;Quarterly;CP_MEUR;Current prices, million euro;SCA;Seasonally and calendar adjusted data;B1GQ;Gross domestic product at market prices;ES;Spain;2005-Q2;229616.0;173385.0;66554.0
dataflow;ESTAT:NAMQ_10_GDP(1.0);Gross domestic product (GDP) and main components (output, expenditure and income) - quarterly data;Q;Quarterly;CP_MEUR;Current prices, million euro;SCA;Seasonally and calendar adjusted data;B1GQ;Gross domestic product at market prices;ES;Spain;2005-Q3;234127.0;176578.0;68711.0
dataflow;ESTAT:NAMQ_10_GDP(1.0);Gross domestic product (GDP) and main components (output, expenditure and income) - quarterly data;Q;Quarterly;CP_MEUR;Current prices, million euro;SCA;Seasonally and calendar adjusted data;B1GQ;Gross domestic product at market prices;ES;Spain;2005-Q4;239454.0;180263.0;69595.0
dataflow;ESTAT:NAMQ_10_GDP(1.0);Gross domestic product (GDP) and main components (output, expenditure and income) - quarterly data;Q;Quarterly;CP_MEUR;Current prices, million euro;SCA;Seasonally and calendar adjusted data;B1GQ;Gross domestic product at market prices;ES;Spain;2006-Q1;243950.0;183536.0;73004.0
dataflow;ESTAT:NAMQ_10_GDP(1.0);Gross domestic product (GDP) and main components (output, expenditure and income) - quarterly data;Q;Quarterly;CP_MEUR;Current prices, million euro;SCA;Seasonally and calendar adjusted data;B1GQ;Gross domestic product at market prices;ES;Spain;2006-Q2;249219.0;187511.0;74919.0
dataflow;ESTAT:NAMQ_10_GDP(1.0);Gross domestic product (GDP) and main components (output, expenditure and income) - quarterly data;Q;Quarterly;CP_MEUR;Current prices, million euro;SCA;Seasonally and calendar adjusted data;B1GQ;Gross domestic product at market prices;ES;Spain;2006-Q3;253709.0;190479.0;76236.0
dataflow;ESTAT:NAMQ_10_GDP(1.0);Gross domestic product (GDP) and main components (output, expenditure and income) - quarterly data;Q;Quarterly;CP_MEUR;Current prices, million euro;SCA;Seasonally and calendar adjusted data;B1GQ;Gross domestic product at market prices;ES;Spain;2006-Q4;258098.0;193539.0;77791.0
dataflow;ESTAT:NAMQ_10_GDP(1.0);Gross domestic product (GDP) and main components (output, expenditure and income) - quarterly data;Q;Quarterly;CP_MEUR;Current prices, million euro;SCA;Seasonally and calendar adjusted data;B1GQ;Gross domestic product at market prices;ES;Spain;2007-Q1;264171.0;197320.0;79311.0
dataflow;ESTAT:NAMQ_10_GDP(1.0);Gross domestic product (GDP) and main components (output, expenditure and income) - quarterly data;Q;Quarterly;CP_MEUR;Current prices, million euro;SCA;Seasonally and calendar adjusted data;B1GQ;Gross domestic product at market prices;ES;Spain;2007-Q2;267775.0;201008.0;80548.0
dataflow;ESTAT:NAMQ_10_GDP(1.0);Gross domestic product (GDP) and main components (output, expenditure and income) - quarterly data;Q;Quarterly;CP_MEUR;Current prices, million euro;SCA;Seasonally and calendar adjusted data;B1GQ;Gross domestic product at market prices;ES;Spain;2007-Q3;269879.0;204154.0;80099.0
dataflow;ESTAT:NAMQ_10_GDP(1.0);Gross domestic product (GDP) and main components (output, expenditure and income) - quarterly data;Q;Quarterly;CP_MEUR;Current prices, million euro;SCA;Seasonally and calendar adjusted data;B1GQ;Gross domestic product at market prices;ES;Spain;2007-Q4;275716.0;209141.0;81966.0
dataflow;ESTAT:NAMQ_10_GDP(1.0);Gross domestic product (GDP) and main components (output, expenditure and income) - quarterly data;Q;Quarterly;CP_MEUR;Current prices, million euro;SCA;Seasonally and calendar adjusted data;B1GQ;Gross domestic product at market prices;ES;Spain;2008-Q1;278379.0;212257.0;81085.0
dataflow;ESTAT:NAMQ_10_GDP(1.0);Gross domestic product (GDP) and main components (output, expenditure and income) - quarterly data;Q;Quarterly;CP_MEUR;Current prices, million euro;SCA;Seasonally and calendar adjusted data;B1GQ;Gross domestic product at market prices;ES;Spain;2008-Q2;279616.0;212923.0;79952.0
dataflow;ESTAT:NAMQ_10_GDP(1.0);Gross domestic product (GDP) and main components (output, expenditure and income) - quarterly data;Q;Quarterly;CP_MEUR;Current prices, million euro;SCA;Seasonally and calendar adjusted data;B1GQ;Gross domestic product at market prices;ES;Spain;2008-Q3;278095.0;212464.0;76199.0
dataflow;ESTAT:NAMQ_10_GDP(1.0);Gross domestic product (GDP) and main components (output, expenditure and income) - quarterly data;Q;Quarterly;CP_MEUR;Current prices, million euro;SCA;Seasonally and calendar adjusted data;B1GQ;Gross domestic product at market prices;ES;Spain;2008-Q4;276342.0;210624.0;72650.0
dataflow;ESTAT:NAMQ_10_GDP(1.0);Gross domestic product (GDP) and main components (output, expenditure and income) - quarterly data;Q;Quarterly;CP_MEUR;Current prices, million euro;SCA;Seasonally and calendar adjusted data;B1GQ;Gross domestic product at market prices;ES;Spain;2009-Q1;269883.0;207957.0;67111.0
dataflow;ESTAT:NAMQ_10_GDP(1.0);Gross domestic product (GDP) and main components (output, expenditure and income) - quarterly data;Q;Quarterly;CP_MEUR;Current prices, million euro;SCA;Seasonally and calendar adjusted data;B1GQ;Gross domestic product at market prices;ES;Spain;2009-Q2;268080.0;206630.0;60390.0
dataflow;ESTAT:NAMQ_10_GDP(1.0);Gross domestic product (GDP) and main components (output, expenditure and income) - quarterly data;Q;Quarterly;CP_MEUR;Current prices, million euro;SCA;Seasonally and calendar adjusted data;B1GQ;Gross domestic product at market prices;ES;Spain;2009-Q3;267667.0;207861.0;61146.0
dataflow;ESTAT:NAMQ_10_GDP(1.0);Gross domestic product (GDP) and main components (output, expenditure and income) - quarterly data;Q;Quarterly;CP_MEUR;Current prices, million euro;SCA;Seasonally and calendar adjusted data;B1GQ;Gross domestic product at market prices;ES;Spain;2009-Q4;267360.0;209269.0;59881.0
dataflow;ESTAT:NAMQ_10_GDP(1.0);Gross domestic product (GDP) and main components (output, expenditure and income) - quarterly data;Q;Quarterly;CP_MEUR;Current prices, million euro;SCA;Seasonally and calendar adjusted data;B1GQ;Gross domestic product at market prices;ES;Spain;2010-Q1;269135.0;210474.0;59979.0
dataflow;ESTAT:NAMQ_10_GDP(1.0);Gross domestic product (GDP) and main components (output, expenditure and income) - quarterly data;Q;Quarterly;CP_MEUR;Current prices, million euro;SCA;Seasonally and calendar adjusted data;B1GQ;Gross domestic product at market prices;ES;Spain;2010-Q2;268461.0;212015.0;59508.0
dataflow;ESTAT:NAMQ_10_GDP(1.0);Gross domestic product (GDP) and main components (output, expenditure and income) - quarterly data;Q;Quarterly;CP_MEUR;Current prices, million euro;SCA;Seasonally and calendar adjusted data;B1GQ;Gross domestic product at market prices;ES;Spain;2010-Q3;269037.0;211826.0;58224.0
dataflow;ESTAT:NAMQ_10_GDP(1.0);Gross domestic product (GDP) and main components (output, expenditure and income) - quarterly data;Q;Quarterly;CP_MEUR;Current prices, million euro;SCA;Seasonally and calendar adjusted data;B1GQ;Gross domestic product at market prices;ES;Spain;2010-Q4;270512.0;212740.0;57906.0
dataflow;ESTAT:NAMQ_10_GDP(1.0);Gross domestic product (GDP) and main components (output, expenditure and income) - quarterly data;Q;Quarterly;CP_MEUR;Current prices, million euro;SCA;Seasonally and calendar adjusted data;B1GQ;Gross domestic product at market prices;ES;Spain;2011-Q1;269181.0;212419.0;55932.0
dataflow;ESTAT:NAMQ_10_GDP(1.0);Gross domestic product (GDP) and main components (output, expenditure and income) - quarterly data;Q;Quarterly;CP_MEUR;Current prices, million euro;SCA;Seasonally and calendar adjusted data;B1GQ;Gross domestic product at market prices;ES;Spain;2011-Q2;268986.0;211712.0;54411.0
dataflow;ESTAT:NAMQ_10_GDP(1.0);Gross domestic product (GDP) and main components (output, expenditure and income) - quarterly data;Q;Quarterly;CP_MEUR;Current prices, million euro;SCA;Seasonally and calendar adjusted data;B1GQ;Gross domestic product at market prices;ES;Spain;2011-Q3;266730.0;211048.0;53302.0
dataflow;ESTAT:NAMQ_10_GDP(1.0);Gross domestic product (GDP) and main components (output, expenditure and income) - quarterly data;Q;Quarterly;CP_MEUR;Current prices, million euro;SCA;Seasonally and calendar adjusted data;B1GQ;Gross domestic product at market prices;ES;Spain;2011-Q4;263793.0;209315.0;51664.0
dataflow;ESTAT:NAMQ_10_GDP(1.0);Gross domestic product (GDP) and main components (output, expenditure and income) - quarterly data;Q;Quarterly;CP_MEUR;Current prices, million euro;SCA;Seasonally and calendar adjusted data;B1GQ;Gross domestic product at market prices;ES;Spain;2012-Q1;262730.0;209179.0;50333.0
dataflow;ESTAT:NAMQ_10_GDP(1.0);Gross domestic product (GDP) and main components (output, expenditure and income) - quarterly data;Q;Quarterly;CP_MEUR;Current prices, million euro;SCA;Seasonally and calendar adjusted data;B1GQ;Gross domestic product at market prices;ES;Spain;2012-Q2;260020.0;207298.0;49153.0
dataflow;ESTAT:NAMQ_10_GDP(1.0);Gross domestic product (GDP) and main components (output, expenditure and income) - quarterly data;Q;Quarterly;CP_MEUR;Current prices, million euro;SCA;Seasonally and calendar adjusted data;B1GQ;Gross domestic product at market prices;ES;Spain;2012-Q3;258818.0;205349.0;47669.0
dataflow;ESTAT:NAMQ_10_GDP(1.0);Gross domestic product (GDP) and main components (output, expenditure and income) - quarterly data;Q;Quarterly;CP_MEUR;Current prices, million euro;SCA;Seasonally and calendar adjusted data;B1GQ;Gross domestic product at market prices;ES;Spain;2012-Q4;254396.0;200316.0;46680.0
dataflow;ESTAT:NAMQ_10_GDP(1.0);Gross domestic product (GDP) and main components (output, expenditure and income) - quarterly data;Q;Quarterly;CP_MEUR;Current prices, million euro;SCA;Seasonally and calendar adjusted data;B1GQ;Gross domestic product at market prices;ES;Spain;2013-Q1;257197.0;201836.0;45808.0
dataflow;ESTAT:NAMQ_10_GDP(1.0);Gross domestic product (GDP) and main components (output, expenditure and income) - quarterly data;Q;Quarterly;CP_MEUR;Current prices, million euro;SCA;Seasonally and calendar adjusted data;B1GQ;Gross domestic product at market prices;ES;Spain;2013-Q2;256492.0;201111.0;44752.0
dataflow;ESTAT:NAMQ_10_GDP(1.0);Gross domestic product (GDP) and main components (output, expenditure and income) - quarterly data;Q;Quarterly;CP_MEUR;Current prices, million euro;SCA;Seasonally and calendar adjusted data;B1GQ;Gross domestic product at market prices;ES;Spain;2013-Q3;256110.0;201822.0;45192.0
dataflow;ESTAT:NAMQ_10_GDP(1.0);Gross domestic product (GDP) and main components (output, expenditure and income) - quarterly data;Q;Quarterly;CP_MEUR;Current prices, million euro;SCA;Seasonally and calendar adjusted data;B1GQ;Gross domestic product at market prices;ES;Spain;2013-Q4;255853.0;202886.0;44746.0
dataflow;ESTAT:NAMQ_10_GDP(1.0);Gross domestic product (GDP) and main components (output, expenditure and income) - quarterly data;Q;Quarterly;CP_MEUR;Current prices, million euro;SCA;Seasonally and calendar adjusted data;B1GQ;Gross domestic product at market prices;ES;Spain;2014-Q1;257703.0;202994.0;46820.0
dataflow;ESTAT:NAMQ_10_GDP(1.0);Gross domestic product (GDP) and main components (output, expenditure and income) - quarterly data;Q;Quarterly;CP_MEUR;Current prices, million euro;SCA;Seasonally and calendar adjusted data;B1GQ;Gross domestic product at market prices;ES;Spain;2014-Q2;258585.0;204342.0;46754.0
dataflow;ESTAT:NAMQ_10_GDP(1.0);Gross domestic product (GDP) and main components (output, expenditure and income) - quarterly data;Q;Quarterly;CP_MEUR;Current prices, million euro;SCA;Seasonally and calendar adjusted data;B1GQ;Gross domestic product at market prices;ES;Spain;2014-Q3;260038.0;205216.0;46662.0
dataflow;ESTAT:NAMQ_10_GDP(1.0);Gross domestic product (GDP) and main components (output, expenditure and income) - quarterly data;Q;Quarterly;CP_MEUR;Current prices, million euro;SCA;Seasonally and calendar adjusted data;B1GQ;Gross domestic product at market prices;ES;Spain;2014-Q4;262623.0;206269.0;47086.0
dataflow;ESTAT:NAMQ_10_GDP(1.0);Gross domestic product (GDP) and main components (output, expenditure and income) - quarterly data;Q;Quarterly;CP_MEUR;Current prices, million euro;SCA;Seasonally and calendar adjusted data;B1GQ;Gross domestic product at market prices;ES;Spain;2015-Q1;268094.0;208317.0;48192.0
dataflow;ESTAT:NAMQ_10_GDP(1.0);Gross domestic product (GDP) and main components (output, expenditure and income) - quarterly data;Q;Quarterly;CP_MEUR;Current prices, million euro;SCA;Seasonally and calendar adjusted data;B1GQ;Gross domestic product at market prices;ES;Spain;2015-Q2;270627.0;210390.0;49887.0
dataflow;ESTAT:NAMQ_10_GDP(1.0);Gross domestic product (GDP) and main components (output, expenditure and income) - quarterly data;Q;Quarterly;CP_MEUR;Current prices, million euro;SCA;Seasonally and calendar adjusted data;B1GQ;Gross domestic product at market prices;ES;Spain;2015-Q3;273121.0;212110.0;50110.0
dataflow;ESTAT:NAMQ_10_GDP(1.0);Gross domestic product (GDP) and main components (output, expenditure and income) - quarterly data;Q;Quarterly;CP_MEUR;Current prices, million euro;SCA;Seasonally and calendar adjusted data;B1GQ;Gross domestic product at market prices;ES;Spain;2015-Q4;275270.0;212904.0;50741.0
dataflow;ESTAT:NAMQ_10_GDP(1.0);Gross domestic product (GDP) and main components (output, expenditure and income) - quarterly data;Q;Quarterly;CP_MEUR;Current prices, million euro;SCA;Seasonally and calendar adjusted data;B1GQ;Gross domestic product at market prices;ES;Spain;2016-Q1;277417.0;213493.0;50710.0
dataflow;ESTAT:NAMQ_10_GDP(1.0);Gross domestic product (GDP) and main components (output, expenditure and income) - quarterly data;Q;Quarterly;CP_MEUR;Current prices, million euro;SCA;Seasonally and calendar adjusted data;B1GQ;Gross domestic product at market prices;ES;Spain;2016-Q2;279123.0;214875.0;50489.0
dataflow;ESTAT:NAMQ_10_GDP(1.0);Gross domestic product (GDP) and main components (output, expenditure and income) - quarterly data;Q;Quarterly;CP_MEUR;Current prices, million euro;SCA;Seasonally and calendar adjusted data;B1GQ;Gross domestic product at market prices;ES;Spain;2016-Q3;282308.0;217125.0;50744.0
dataflow;ESTAT:NAMQ_10_GDP(1.0);Gross domestic product (GDP) and main components (output, expenditure and income) - quarterly data;Q;Quarterly;CP_MEUR;Current prices, million euro;SCA;Seasonally and calendar adjusted data;B1GQ;Gross domestic product at market prices;ES;Spain;2016-Q4;284119.0;218894.0;52344.0
dataflow;ESTAT:NAMQ_10_GDP(1.0);Gross domestic product (GDP) and main components (output, expenditure and income) - quarterly data;Q;Quarterly;CP_MEUR;Current prices, million euro;SCA;Seasonally and calendar adjusted data;B1GQ;Gross domestic product at market prices;ES;Spain;2017-Q1;287756.0;221824.0;53540.0
dataflow;ESTAT:NAMQ_10_GDP(1.0);Gross domestic product (GDP) and main components (output, expenditure and income) - quarterly data;Q;Quarterly;CP_MEUR;Current prices, million euro;SCA;Seasonally and calendar adjusted data;B1GQ;Gross domestic product at market prices;ES;Spain;2017-Q2;291535.0;223931.0;54420.0
dataflow;ESTAT:NAMQ_10_GDP(1.0);Gross domestic product (GDP) and main components (output, expenditure and income) - quarterly data;Q;Quarterly;CP_MEUR;Current prices, million euro;SCA;Seasonally and calendar adjusted data;B1GQ;Gross domestic product at market prices;ES;Spain;2017-Q3;293175.0;225191.0;56304.0
dataflow;ESTAT:NAMQ_10_GDP(1.0);Gross domestic product (GDP) and main components (output, expenditure and income) - quarterly data;Q;Quarterly;CP_MEUR;Current prices, million euro;SCA;Seasonally and calendar adjusted data;B1GQ;Gross domestic product at market prices;ES;Spain;2017-Q4;297558.0;227644.0;56943.0
dataflow;ESTAT:NAMQ_10_GDP(1.0);Gross domestic product (GDP) and main components (output, expenditure and income) - quarterly data;Q;Quarterly;CP_MEUR;Current prices, million euro;SCA;Seasonally and calendar adjusted data;B1GQ;Gross domestic product at market prices;ES;Spain;2018-Q1;298352.0;229602.0;56848.0
dataflow;ESTAT:NAMQ_10_GDP(1.0);Gross domestic product (GDP) and main components (output, expenditure and income) - quarterly data;Q;Quarterly;CP_MEUR;Current prices, million euro;SCA;Seasonally and calendar adjusted data;B1GQ;Gross domestic product at market prices;ES;Spain;2018-Q2;301749.0;230911.0;59903.0
dataflow;ESTAT:NAMQ_10_GDP(1.0);Gross domestic product (GDP) and main components (output, expenditure and income) - quarterly data;Q;Quarterly;CP_MEUR;Current prices, million euro;SCA;Seasonally and calendar adjusted data;B1GQ;Gross domestic product at market prices;ES;Spain;2018-Q3;304323.0;233036.0;60366.0
dataflow;ESTAT:NAMQ_10_GDP(1.0);Gross domestic product (GDP) and main components (output, expenditure and income) - quarterly data;Q;Quarterly;CP_MEUR;Current prices, million euro;SCA;Seasonally and calendar adjusted data;B1GQ;Gross domestic product at market prices;ES;Spain;2018-Q4;307852.0;234492.0;61385.0
dataflow;ESTAT:NAMQ_10_GDP(1.0);Gross domestic product (GDP) and main components (output, expenditure and income) - quarterly data;Q;Quarterly;CP_MEUR;Current prices, million euro;SCA;Seasonally and calendar adjusted data;B1GQ;Gross domestic product at market prices;ES;Spain;2019-Q1;311179.0;235209.0;63812.0
dataflow;ESTAT:NAMQ_10_GDP(1.0);Gross domestic product (GDP) and main components (output, expenditure and income) - quarterly data;Q;Quarterly;CP_MEUR;Current prices, million euro;SCA;Seasonally and calendar adjusted data;B1GQ;Gross domestic product at market prices;ES;Spain;2019-Q2;311955.0;234962.0;63297.0
dataflow;ESTAT:NAMQ_10_GDP(1.0);Gross domestic product (GDP) and main components (output, expenditure and income) - quarterly data;Q;Quarterly;CP_MEUR;Current prices, million euro;SCA;Seasonally and calendar adjusted data;B1GQ;Gross domestic product at market prices;ES;Spain;2019-Q3;312955.0;241280.0;63862.0
dataflow;ESTAT:NAMQ_10_GDP(1.0);Gross domestic product (GDP) and main components (output, expenditure and income) - quarterly data;Q;Quarterly;CP_MEUR;Current prices, million euro;SCA;Seasonally and calendar adjusted data;B1GQ;Gross domestic product at market prices;ES;Spain;2019-Q4;317621.0;242701.0;63595.0
dataflow;ESTAT:NAMQ_10_GDP(1.0);Gross domestic product (GDP) and main components (output, expenditure and income) - quarterly data;Q;Quarterly;CP_MEUR;Current prices, million euro;SCA;Seasonally and calendar adjusted data;B1GQ;Gross domestic product at market prices;ES;Spain;2020-Q1;301564.0;232638.0;62232.0
dataflow;ESTAT:NAMQ_10_GDP(1.0);Gross domestic product (GDP) and main components (output, expenditure and income) - quarterly data;Q;Quarterly;CP_MEUR;Current prices, million euro;SCA;Seasonally and calendar adjusted data;B1GQ;Gross domestic product at market prices;ES;Spain;2020-Q2;247347.0;194952.0;50006.0
dataflow;ESTAT:NAMQ_10_GDP(1.0);Gross domestic product (GDP) and main components (output, expenditure and income) - quarterly data;Q;Quarterly;CP_MEUR;Current prices, million euro;SCA;Seasonally and calendar adjusted data;B1GQ;Gross domestic product at market prices;ES;Spain;2020-Q3;287632.0;224551.0;60140.0
dataflow;ESTAT:NAMQ_10_GDP(1.0);Gross domestic product (GDP) and main components (output, expenditure and income) - quarterly data;Q;Quarterly;CP_MEUR;Current prices, million euro;SCA;Seasonally and calendar adjusted data;B1GQ;Gross domestic product at market prices;ES;Spain;2020-Q4;292671.0;227036.0;60420.0
dataflow;ESTAT:NAMQ_10_GDP(1.0);Gross domestic product (GDP) and main components (output, expenditure and income) - quarterly data;Q;Quarterly;CP_MEUR;Current prices, million euro;SCA;Seasonally and calendar adjusted data;B1GQ;Gross domestic product at market prices;ES;Spain;2021-Q1;298714.0;230357.0;60462.0
dataflow;ESTAT:NAMQ_10_GDP(1.0);Gross domestic product (GDP) and main components (output, expenditure and income) - quarterly data;Q;Quarterly;CP_MEUR;Current prices, million euro;SCA;Seasonally and calendar adjusted data;B1GQ;Gross domestic product at market prices;ES;Spain;2021-Q2;301107.0;234330.0;60390.0
dataflow;ESTAT:NAMQ_10_GDP(1.0);Gross domestic product (GDP) and main components (output, expenditure and income) - quarterly data;Q;Quarterly;CP_MEUR;Current prices, million euro;SCA;Seasonally and calendar adjusted data;B1GQ;Gross domestic product at market prices;ES;Spain;2021-Q3;310566.0;240244.0;63337.0
dataflow;ESTAT:NAMQ_10_GDP(1.0);Gross domestic product (GDP) and main components (output, expenditure and income) - quarterly data;Q;Quarterly;CP_MEUR;Current prices, million euro;SCA;Seasonally and calendar adjusted data;B1GQ;Gross domestic product at market prices;ES;Spain;2021-Q4;325087.0;248069.0;65371.0
dataflow;ESTAT:NAMQ_10_GDP(1.0);Gross domestic product (GDP) and main components (output, expenditure and income) - quarterly data;Q;Quarterly;CP_MEUR;Current prices, million euro;SCA;Seasonally and calendar adjusted data;B1GQ;Gross domestic product at market prices;ES;Spain;2022-Q1;332545.0;254061.0;68196.0
dataflow;ESTAT:NAMQ_10_GDP(1.0);Gross domestic product (GDP) and main components (output, expenditure and income) - quarterly data;Q;Quarterly;CP_MEUR;Current prices, million euro;SCA;Seasonally and calendar adjusted data;B1GQ;Gross domestic product at market prices;ES;Spain;2022-Q2;339188.0;259799.0;69328.0
dataflow;ESTAT:NAMQ_10_GDP(1.0);Gross domestic product (GDP) and main components (output, expenditure and income) - quarterly data;Q;Quarterly;CP_MEUR;Current prices, million euro;SCA;Seasonally and calendar adjusted data;B1GQ;Gross domestic product at market prices;ES;Spain;2022-Q3;345247.0;267649.0;72450.0
dataflow;ESTAT:NAMQ_10_GDP(1.0);Gross domestic product (GDP) and main components (output, expenditure and income) - quarterly data;Q;Quarterly;CP_MEUR;Current prices, million euro;SCA;Seasonally and calendar adjusted data;B1GQ;Gross domestic product at market prices;ES;Spain;2022-Q4;358883.0;270101.0;71916.0
dataflow;ESTAT:NAMQ_10_GDP(1.0);Gross domestic product (GDP) and main components (output, expenditure and income) - quarterly data;Q;Quarterly;CP_MEUR;Current prices, million euro;SCA;Seasonally and calendar adjusted data;B1GQ;Gross domestic product at market prices;ES;Spain;2023-Q1;369116.0;274313.0;75280.0
dataflow;ESTAT:NAMQ_10_GDP(1.0);Gross domestic product (GDP) and main components (output, expenditure and income) - quarterly data;Q;Quarterly;CP_MEUR;Current prices, million euro;SCA;Seasonally and calendar adjusted data;B1GQ;Gross domestic product at market prices;ES;Spain;2023-Q2;369733.0;278110.0;75551.0
dataflow;ESTAT:NAMQ_10_GDP(1.0);Gross domestic product (GDP) and main components (output, expenditure and income) - quarterly data;Q;Quarterly;CP_MEUR;Current prices, million euro;SCA;Seasonally and calendar adjusted data;B1GQ;Gross domestic product at market prices;ES;Spain;2023-Q3;374008.0;283053.0;77382.0
dataflow;ESTAT:NAMQ_10_GDP(1.0);Gross domestic product (GDP) and main components (output, expenditure and income) - quarterly data;Q;Quarterly;CP_MEUR;Current prices, million euro;SCA;Seasonally and calendar adjusted data;B1GQ;Gross domestic product at market prices;ES;Spain;2023-Q4;384904.0;288495.0;78316.0
dataflow;ESTAT:NAMQ_10_GDP(1.0);Gross domestic product (GDP) and main components (output, expenditure and income) - quarterly data;Q;Quarterly;CP_MEUR;Current prices, million euro;SCA;Seasonally and calendar adjusted data;B1GQ;Gross domestic product at market prices;ES;Spain;2024-Q1;391390.0;292268.0;80039.0
dataflow;ESTAT:NAMQ_10_GDP(1.0);Gross domestic product (GDP) and main components (output, expenditure and income) - quarterly data;Q;Quarterly;CP_MEUR;Current prices, million euro;SCA;Seasonally and calendar adjusted data;B1GQ;Gross domestic product at market prices;ES;Spain;2024-Q2;395077.0;295210.0;79577.0
dataflow;ESTAT:NAMQ_10_GDP(1.0);Gross domestic product (GDP) and main components (output, expenditure and income) - quarterly data;Q;Quarterly;CP_MEUR;Current prices, million euro;SCA;Seasonally and calendar adjusted data;B1GQ;Gross domestic product at market prices;ES;Spain;2024-Q3;400010.0;298619.0;80577.0
dataflow;ESTAT:NAMQ_10_GDP(1.0);Gross domestic product (GDP) and main components (output, expenditure and income) - quarterly data;Q;Quarterly;CP_MEUR;Current prices, million euro;SCA;Seasonally and calendar adjusted data;B1GQ;Gross domestic product at market prices;ES;Spain;2024-Q4;407853.0;304314.0;83262.0
dataflow;ESTAT:NAMQ_10_GDP(1.0);Gross domestic product (GDP) and main components (output, expenditure and income) - quarterly data;Q;Quarterly;CP_MEUR;Current prices, million euro;SCA;Seasonally and calendar adjusted data;B1GQ;Gross domestic product at market prices;ES;Spain;2025-Q1;412524.0;308941.0;84529.0
dataflow;ESTAT:NAMQ_10_GDP(1.0);Gross domestic product (GDP) and main components (output, expenditure and income) - quarterly data;Q;Quarterly;CP_MEUR;Current prices, million euro;SCA;Seasonally and calendar adjusted data;B1GQ;Gross domestic product at market prices;ES;Spain;2025-Q2;416745.0;311818.0;85274.0
dataflow;ESTAT:NAMQ_10_GDP(1.0);Gross domestic product (GDP) and main components (output, expenditure and income) - quarterly data;Q;Quarterly;CP_MEUR;Current prices, million euro;SCA;Seasonally and calendar adjusted data;B1GQ;Gross domestic product at market prices;ES;Spain;2025-Q3;422761.0;316181.0;87793.0
dataflow;ESTAT:NAMQ_10_GDP(1.0);Gross domestic product (GDP) and main components (output, expenditure and income) - quarterly data;Q;Quarterly;CP_MEUR;Current prices, million euro;SCA;Seasonally and calendar adjusted data;B1GQ;Gross domestic product at market prices;ES;Spain;2025-Q4;435122.0;324477.0;90102.0
